{"cameraMode":{"drawMode":0,"name":"Shaded","section":"Shading Mode"},"sceneLighting":true,"audioPlay":false,"sceneViewState":{"m_AlwaysRefresh":false,"showFog":true,"showSkybox":true,"showFlares":true,"showImageEffects":true,"showParticleSystems":true,"showVisualEffectGraphs":true,"m_FxEnabled":false},"in2DMode":false,"pivot":{"x":24.394121170043947,"y":-0.36270618438720705,"z":41.1585693359375},"rotation":{"x":0.19112925231456757,"y":-0.005906364414840937,"z":0.0011050696484744549,"w":0.9815797805786133},"size":18.879127502441408,"orthographic":false}