{"cameraMode":{"drawMode":0,"name":"Shaded","section":"Shading Mode"},"sceneLighting":true,"audioPlay":false,"sceneViewState":{"m_AlwaysRefresh":false,"showFog":true,"showSkybox":true,"showFlares":true,"showImageEffects":true,"showParticleSystems":true,"showVisualEffectGraphs":true,"m_FxEnabled":true},"in2DMode":false,"pivot":{"x":-0.3453378677368164,"y":1.2170417308807374,"z":-0.34532833099365237},"rotation":{"x":-0.05787210911512375,"y":0.9132536053657532,"z":-0.13971568644046784,"w":-0.3782821297645569},"size":1.207395076751709,"orthographic":false}